freq_hz,dbuv
30000000.0,22.75929
31616666.666666668,22.55048
33233333.333333332,19.52063
34850000.0,16.47702
36466666.666666664,15.72635
38083333.333333336,24.17416
39700000.0,22.83838
41316666.666666664,22.87571
42933333.333333336,19.32825
44550000.0,19.88445
46166666.666666664,16.26192
47783333.33333333,19.24965
49400000.0,12.93062
51016666.66666667,12.02763
52633333.33333333,12.13174
54250000.0,14.08955
55866666.66666667,12.95799
57483333.33333333,13.27599
59100000.0,12.22174
60716666.66666667,11.69537
62333333.33333333,15.06119
63950000.0,20.64375
65566666.666666664,12.11158
67183333.33333334,14.16039
68800000.0,14.58459
70416666.66666666,14.08304
72033333.33333334,17.13147
73650000.0,22.15524
75266666.66666666,19.88876
76883333.33333334,16.35584
78500000.0,20.95123
80116666.66666666,18.44778
81733333.33333334,20.61617
83350000.0,20.54286
84966666.66666666,20.59177
86583333.33333334,20.06026
88200000.0,19.79493
89816666.66666666,24.06613
91433333.33333334,27.04269
93050000.0,28.38623
94666666.66666666,24.75145
96283333.33333334,28.85674
97900000.0,29.85259
99516666.66666667,26.2894
101133333.33333333,20.85516
102750000.0,24.58293
104366666.66666667,19.4354
105983333.33333333,25.29402
107600000.0,18.44453
109216666.66666667,18.3619
110833333.33333333,19.38155
112450000.0,20.2215
114066666.66666667,17.62657
115683333.33333333,17.60629
117300000.0,19.76496
118916666.66666667,18.06801
120533333.33333333,15.24818
122150000.0,14.20184
123766666.66666667,16.22665
125383333.33333333,12.74184
127000000.0,12.83788
128616666.66666667,11.31273
130233333.33333333,12.04341
131850000.0,9.902969
133466666.66666667,11.2666
135083333.3333333,8.870956
136700000.0,10.0851
138316666.6666667,10.82697
139933333.3333333,8.96846
141550000.0,8.696861
143166666.6666667,8.583397
144783333.3333333,9.687408
146400000.0,9.027542
148016666.6666667,8.521439
149633333.3333333,8.469727
151250000.0,11.12881
152866666.6666667,9.973671
154483333.3333333,8.771111
156100000.0,9.248337
157716666.6666667,8.908478
159333333.3333333,8.061531
160950000.0,8.333221
162566666.6666667,9.995544
164183333.3333333,8.986259
165800000.0,9.534134
167416666.66666666,8.890404
169033333.33333334,8.407013
170650000.0,8.643936
172266666.66666666,8.533112
173883333.33333334,8.984459
175500000.0,11.18573
177116666.66666666,9.028862
178733333.33333334,9.946564
180350000.0,9.42157
181966666.66666666,10.02369
183583333.33333334,9.539276
185200000.0,9.361534
186816666.66666666,10.36514
188433333.33333334,9.934662
190050000.0,9.468269
191666666.66666666,9.861397
193283333.33333334,10.66309
194900000.0,10.33145
196516666.66666666,9.64476
198133333.33333334,9.834427
199750000.0,10.58152
201366666.66666666,9.656731
202983333.33333334,14.27496
204600000.0,18.34343
206216666.66666666,17.6446
207833333.33333334,13.15581
209450000.0,13.8522
211066666.66666666,10.6904
212683333.33333334,10.81479
214300000.0,9.941208
215916666.66666666,10.37217
217533333.33333334,9.726295
219150000.0,9.263451
220766666.66666666,8.905151
222383333.33333334,8.834244
224000000.0,9.396469
225616666.66666666,9.56839
227233333.33333334,8.850624
228850000.0,8.801315
230466666.66666666,8.651573
232083333.33333334,8.403069
233700000.0,8.376884
235316666.66666666,7.875481
236933333.33333334,9.600922
238550000.0,9.143753
240166666.66666666,12.54445
241783333.33333334,12.63777
243400000.0,8.316345
245016666.66666666,8.401474
246633333.33333334,8.173988
248250000.0,9.001183
249866666.66666666,9.227829
251483333.33333334,8.629791
253100000.0,7.481728
254716666.66666666,8.392471
256333333.33333334,8.657928
257950000.0,8.60083
259566666.66666666,8.357819
261183333.33333334,8.914246
262800000.0,8.828629
264416666.66666666,7.947678
266033333.33333334,8.603783
267650000.0,8.529846
269266666.6666666,8.506058
270883333.3333334,8.068489
272500000.0,9.134232
274116666.6666666,9.430992
275733333.3333334,9.693329
277350000.0,7.963608
278966666.6666666,8.862648
280583333.3333334,8.327942
282200000.0,9.030624
283816666.6666666,8.120659
285433333.3333334,8.472855
287050000.0,8.482819
288666666.6666666,9.082108
290283333.3333334,8.836639
291900000.0,8.558037
293516666.6666666,8.698242
295133333.3333334,8.729408
296750000.0,8.642914
298366666.6666666,8.200302
299983333.3333333,9.187675
301600000.0,9.269562
303216666.6666667,9.66172
304833333.3333333,7.671616
306450000.0,7.261993
308066666.6666667,7.517487
309683333.3333333,7.84166
311300000.0,7.803604
312916666.6666667,8.593163
314533333.3333333,7.430931
316150000.0,8.189674
317766666.6666667,8.904274
319383333.3333333,8.47879
321000000.0,8.697502
322616666.6666667,7.994728
324233333.3333333,8.585892
325850000.0,8.94381
327466666.6666667,10.95834
329083333.3333333,11.56774
330700000.0,13.07462
332316666.6666667,15.70657
333933333.3333333,16.23857
335550000.0,16.05688
337166666.6666667,16.0842
338783333.3333333,13.48431
340400000.0,11.60156
342016666.6666667,11.42596
343633333.3333333,11.04355
345250000.0,11.40498
346866666.6666667,10.98042
348483333.3333333,10.41901
350100000.0,10.15428
351716666.6666667,11.9304
353333333.3333333,9.879547
354950000.0,10.3397
356566666.6666667,10.0728
358183333.3333333,14.18481
359800000.0,11.17703
361416666.6666667,12.73288
363033333.3333333,12.20218
364650000.0,9.073761
366266666.6666667,9.542236
367883333.3333333,10.42332
369500000.0,9.578552
371116666.6666667,9.538567
372733333.3333333,9.003479
374350000.0,9.978989
375966666.6666667,10.18449
377583333.3333333,9.003197
379200000.0,19.05498
380816666.6666667,8.389786
382433333.3333333,9.813904
384050000.0,10.75282
385666666.6666667,18.94696
387283333.3333333,10.52061
388900000.0,10.35657
390516666.6666667,11.81596
392133333.3333333,9.654984
393750000.0,9.990479
395366666.6666667,9.33033
396983333.3333333,9.029343
398600000.0,10.35196
400216666.6666667,10.77647
401833333.3333333,19.56829
403450000.0,10.01358
405066666.6666667,9.628998
406683333.3333333,12.56766
408300000.0,10.83135
409916666.6666667,11.46819
411533333.3333333,9.522514
413150000.0,9.939362
414766666.6666667,11.50223
416383333.3333333,11.32748
418000000.0,9.715134
419616666.6666667,11.03677
421233333.3333333,9.508179
422850000.0,9.590736
424466666.6666667,11.02425
426083333.3333333,13.09071
427700000.0,10.50358
429316666.6666667,11.4211
430933333.3333333,10.64513
432550000.0,10.37765
434166666.6666667,11.24564
435783333.3333333,10.56214
437400000.0,12.13794
439016666.6666667,10.39856
440633333.3333333,10.36296
442250000.0,9.93866
443866666.6666667,12.96234
445483333.3333333,11.28488
447100000.0,9.172867
448716666.6666667,10.55543
450333333.3333333,8.982735
451950000.0,9.50325
453566666.6666667,10.73807
455183333.3333333,12.71479
456800000.0,10.06371
458416666.6666667,9.103226
460033333.3333333,9.513725
461650000.0,9.597702
463266666.6666667,10.52821
464883333.3333333,10.62871
466500000.0,10.92412
468116666.6666667,11.32834
469733333.3333333,10.39085
471350000.0,10.83295
472966666.6666667,11.98106
474583333.3333333,11.58836
476200000.0,11.59295
477816666.6666667,11.32942
479433333.3333333,12.19762
481050000.0,16.07562
482666666.6666667,32.54962
484283333.3333333,19.70818
485900000.0,13.60675
487516666.6666667,15.59067
489133333.3333333,13.33981
490750000.0,12.30764
492366666.6666667,13.1424
493983333.3333333,13.05351
495600000.0,14.2401
497216666.6666667,11.39055
498833333.3333333,15.59914
500450000.0,11.93618
502066666.6666667,11.86326
503683333.3333333,12.07238
505300000.0,12.37006
506916666.6666667,11.59573
508533333.3333333,11.49005
510150000.0,12.99512
511766666.6666667,12.28155
513383333.3333333,11.36433
515000000.0,12.93234
516616666.6666667,12.85559
518233333.3333333,12.80824
519850000.0,11.87382
521466666.6666667,10.74284
523083333.3333333,12.14146
524700000.0,13.16332
526316666.6666667,10.6064
527933333.3333333,11.8138
529550000.0,12.10902
531166666.6666667,14.18977
532783333.3333333,13.55788
534400000.0,13.4196
536016666.6666667,11.69857
537633333.3333333,11.41545
539250000.0,13.10308
540866666.6666667,13.89727
542483333.3333333,11.08382
544100000.0,12.35034
545716666.6666667,11.99245
547333333.3333333,12.30434
548950000.0,12.84444
550566666.6666667,12.42403
552183333.3333333,12.88665
553800000.0,11.92514
555416666.6666667,12.56808
557033333.3333333,11.14466
558650000.0,11.31023
560266666.6666667,11.63
561883333.3333333,11.68859
563500000.0,16.74075
565116666.6666667,11.73511
566733333.3333333,11.42838
568350000.0,11.14243
569966666.6666666,11.87162
571583333.3333334,12.11012
573200000.0,10.99589
574816666.6666666,12.94355
576433333.3333334,11.34061
578050000.0,13.02201
579666666.6666666,21.13559
581283333.3333334,12.45964
582900000.0,11.772
584516666.6666666,12.28594
586133333.3333334,14.29301
587750000.0,12.71243
589366666.6666666,11.79813
590983333.3333334,12.06998
592600000.0,12.66306
594216666.6666666,11.82558
595833333.3333334,12.77856
597450000.0,12.48076
599066666.6666666,15.14259
600683333.3333334,12.74078
602300000.0,13.72731
603916666.6666666,13.7396
605533333.3333334,12.12865
607150000.0,12.66576
608766666.6666666,12.97754
610383333.3333334,12.73447
612000000.0,12.46004
613616666.6666666,12.07742
615233333.3333334,11.82796
616850000.0,11.11419
618466666.6666666,13.08048
620083333.3333334,12.03185
621700000.0,12.27371
623316666.6666666,12.38741
624933333.3333334,11.7193
626550000.0,13.58835
628166666.6666666,16.75246
629783333.3333334,12.84404
631400000.0,13.89975
633016666.6666666,12.21432
634633333.3333334,13.48788
636250000.0,12.01647
637866666.6666666,12.4407
639483333.3333334,11.32208
641100000.0,11.18293
642716666.6666666,12.2819
644333333.3333334,12.83677
645950000.0,11.79797
647566666.6666666,11.60989
649183333.3333334,12.62569
650800000.0,12.38139
652416666.6666666,12.78269
654033333.3333334,12.59927
655650000.0,13.22424
657266666.6666666,11.18465
658883333.3333334,11.5688
660500000.0,11.43271
662116666.6666666,12.21786
663733333.3333334,12.55382
665350000.0,12.45307
666966666.6666666,13.7906
668583333.3333334,12.16415
670200000.0,12.77145
671816666.6666666,12.64966
673433333.3333334,12.39925
675050000.0,13.14963
676666666.6666666,16.07707
678283333.3333334,11.62943
679900000.0,10.95668
681516666.6666666,12.62163
683133333.3333334,12.20019
684750000.0,12.66881
686366666.6666666,12.82499
687983333.3333334,12.23711
689600000.0,12.66939
691216666.6666666,12.49429
692833333.3333334,12.24582
694450000.0,13.22514
696066666.6666666,12.86882
697683333.3333334,11.72157
699300000.0,13.10606
700916666.6666666,11.48237
702533333.3333334,12.92628
704150000.0,12.78262
705766666.6666666,12.44716
707383333.3333334,13.56946
709000000.0,13.25435
710616666.6666666,13.88311
712233333.3333334,13.90332
713850000.0,12.86345
715466666.6666666,14.14169
717083333.3333334,14.88329
718700000.0,14.07405
720316666.6666666,15.92623
721933333.3333334,17.6858
723550000.0,29.76033
725166666.6666666,36.11781
726783333.3333334,19.15192
728400000.0,14.35618
730016666.6666666,14.94285
731633333.3333334,13.56632
733250000.0,13.9735
734866666.6666666,13.80197
736483333.3333334,13.26454
738100000.0,13.48912
739716666.6666666,14.69749
741333333.3333334,11.74364
742950000.0,13.18588
744566666.6666666,12.43424
746183333.3333334,13.89703
747800000.0,12.828
749416666.6666666,14.45304
751033333.3333334,14.76692
752650000.0,14.15971
754266666.6666666,13.28839
755883333.3333334,12.9884
757500000.0,14.65553
759116666.6666666,20.89953
760733333.3333334,14.14227
762350000.0,13.11166
763966666.6666666,15.63129
765583333.3333334,13.74658
767200000.0,13.2347
768816666.6666666,14.10681
770433333.3333334,15.57372
772050000.0,21.36413
773666666.6666666,25.81981
775283333.3333334,22.29016
776900000.0,25.86978
778516666.6666666,21.74593
780133333.3333334,22.54574
781750000.0,26.11694
783366666.6666666,20.3745
784983333.3333334,25.07794
786600000.0,18.39875
788216666.6666666,23.34145
789833333.3333334,23.46504
791450000.0,21.40278
793066666.6666666,24.26033
794683333.3333334,17.46323
796300000.0,15.84488
797916666.6666666,17.65829
799533333.3333334,21.34694
801150000.0,20.43176
802766666.6666666,22.30624
804383333.3333334,35.17508
806000000.0,36.95103
807616666.6666666,24.59927
809233333.3333334,27.20792
810850000.0,28.12679
812466666.6666666,24.68781
814083333.3333334,24.77871
815700000.0,25.31416
817316666.6666666,24.58784
818933333.3333334,26.18307
820550000.0,41.77027
822166666.6666666,41.62766
823783333.3333334,21.24612
825400000.0,27.5481
827016666.6666666,24.19185
828633333.3333334,28.55647
830250000.0,24.84707
831866666.6666666,26.60258
833483333.3333334,27.04092
835100000.0,23.88835
836716666.6666666,27.60876
838333333.3333334,26.06841
839950000.0,24.42229
841566666.6666666,22.44028
843183333.3333334,27.05865
844800000.0,27.64225
846416666.6666666,29.67014
848033333.3333334,28.94656
849650000.0,17.89905
851266666.6666666,25.15726
852883333.3333334,19.23662
854500000.0,26.17656
856116666.6666666,25.17334
857733333.3333334,29.82869
859350000.0,24.21733
860966666.6666666,26.55281
862583333.3333334,33.25183
864200000.0,23.98335
865816666.6666666,22.62609
867433333.3333334,18.34171
869050000.0,29.24096
870666666.6666666,23.26398
872283333.3333334,19.86909
873900000.0,37.05461
875516666.6666666,36.54239
877133333.3333334,35.61717
878750000.0,38.60965
880366666.6666666,40.84325
881983333.3333334,40.60998
883600000.0,46.91308
885216666.6666666,44.02874
886833333.3333334,42.56898
888450000.0,41.13957
890066666.6666666,43.37
891683333.3333334,44.1045
893300000.0,40.99428
894916666.6666666,21.11909
896533333.3333334,29.00652
898150000.0,28.9361
899766666.6666666,25.8372
901383333.3333334,23.33694
903000000.0,21.68898
904616666.6666666,20.2049
906233333.3333334,32.22177
907850000.0,23.10265
909466666.6666666,22.53115
911083333.3333334,25.36148
912700000.0,22.44634
914316666.6666666,23.80095
915933333.3333334,26.1675
917550000.0,34.86471
919166666.6666666,25.36006
920783333.3333334,23.70147
922400000.0,17.76683
924016666.6666666,20.79321
925633333.3333334,20.62312
927250000.0,17.43347
928866666.6666666,16.25459
930483333.3333334,15.44987
932100000.0,16.50786
933716666.6666666,16.33389
935333333.3333334,13.39661
936950000.0,14.18359
938566666.6666666,12.99126
940183333.3333334,14.01192
941800000.0,13.87143
943416666.6666666,13.17694
945033333.3333334,13.2164
946650000.0,13.67426
948266666.6666666,26.76035
949883333.3333334,31.38887
951500000.0,26.68849
953116666.6666666,28.21627
954733333.3333334,26.72191
956350000.0,25.30066
957966666.6666666,22.4873
959583333.3333334,14.87393
961200000.0,13.80347
962816666.6666666,15.90556
964433333.3333334,16.60227
966050000.0,38.61713
967666666.6666666,21.12373
969283333.3333334,16.84379
970900000.0,14.94964
972516666.6666666,14.14276
974133333.3333334,14.85394
975750000.0,14.27442
977366666.6666666,14.63139
978983333.3333334,14.31811
980600000.0,14.1278
982216666.6666666,13.55692
983833333.3333334,14.04586
985450000.0,13.89652
987066666.6666666,13.81282
988683333.3333334,14.2045
990300000.0,14.9935
991916666.6666666,15.17879
993533333.3333334,15.97524
995150000.0,16.20125
996766666.6666666,15.26127
998383333.3333334,17.11049
1000000000.0,16.93675
